,precision,recall,f1-score,support
bus,0.9696969696969697,0.96,0.964824120603015,100.0
car,0.9065420560747663,0.97,0.9371980676328503,100.0
motocycle,0.9797979797979798,0.97,0.9748743718592964,100.0
pickupTruck,0.96,0.96,0.96,100.0
truck,0.9158878504672897,0.98,0.9468599033816426,100.0
van,0.9431818181818182,0.83,0.8829787234042553,100.0
accuracy,0.945,0.945,0.945,0.945
macro avg,0.945851112369804,0.945,0.9444558644801765,600.0
weighted avg,0.945851112369804,0.945,0.9444558644801767,600.0
